pathway,sequence,team_size,initial_charge,mode,opponents,battles,wins,losses,draws,win_rate,draw_rate,deaths_per_battle,average_rounds,forms_per_battle,signature_casts_per_battle
abyss,1,1,0,form-entry,22,46,4,6,36,8.70,78.26,0.130,14.174,1.000,0.000
abyss,1,1,0,normal,22,46,0,2,44,0.00,95.65,0.043,14.609,0.304,0.000
abyss,1,1,50,form-entry,22,46,4,6,36,8.70,78.26,0.130,14.174,1.000,0.000
abyss,1,1,50,normal,22,46,0,4,42,0.00,91.30,0.087,14.522,0.304,0.000
abyss,1,1,100,form-entry,22,46,6,4,36,13.04,78.26,0.087,14.348,1.000,0.000
abyss,1,1,100,normal,22,46,0,4,42,0.00,91.30,0.087,14.522,0.304,0.000
abyss,1,3,0,form-entry,22,46,4,8,34,8.70,73.91,0.696,14.217,3.000,0.000
abyss,1,3,0,normal,22,46,0,6,40,0.00,86.96,0.565,14.652,1.478,0.000
abyss,1,3,50,form-entry,22,46,4,8,34,8.70,73.91,0.696,14.087,3.000,0.000
abyss,1,3,50,normal,22,46,0,6,40,0.00,86.96,0.522,14.522,1.478,0.000
abyss,1,3,100,form-entry,22,46,4,8,34,8.70,73.91,0.609,13.913,3.000,0.000
abyss,1,3,100,normal,22,46,0,6,40,0.00,86.96,0.652,14.348,1.478,0.000
black_emperor,1,1,0,form-entry,22,46,6,14,26,13.04,56.52,0.304,14.087,1.000,0.000
black_emperor,1,1,0,normal,22,46,0,6,40,0.00,86.96,0.130,14.522,0.652,0.000
black_emperor,1,1,50,form-entry,22,46,4,14,28,8.70,60.87,0.304,14.000,1.000,0.000
black_emperor,1,1,50,normal,22,46,0,2,44,0.00,95.65,0.043,14.609,0.609,0.000
black_emperor,1,1,100,form-entry,22,46,4,16,26,8.70,56.52,0.348,14.130,1.000,0.000
black_emperor,1,1,100,normal,22,46,0,2,44,0.00,95.65,0.043,14.609,0.565,0.000
black_emperor,1,3,0,form-entry,22,46,2,12,32,4.35,69.57,1.348,13.522,3.000,0.000
black_emperor,1,3,0,normal,22,46,0,8,38,0.00,82.61,0.739,14.435,1.870,0.000
black_emperor,1,3,50,form-entry,22,46,2,12,32,4.35,69.57,1.348,13.043,3.000,0.000
black_emperor,1,3,50,normal,22,46,0,8,38,0.00,82.61,0.696,14.565,1.870,0.000
black_emperor,1,3,100,form-entry,22,46,4,12,30,8.70,65.22,1.043,13.304,3.000,0.000
black_emperor,1,3,100,normal,22,46,0,8,38,0.00,82.61,0.565,14.478,2.000,0.000
chained,1,1,0,form-entry,22,46,8,6,32,17.39,69.57,0.130,13.609,1.000,0.000
chained,1,1,0,normal,22,46,0,0,46,0.00,100.00,0.000,15.000,0.913,0.000
chained,1,1,50,form-entry,22,46,8,6,32,17.39,69.57,0.130,13.609,1.000,0.000
chained,1,1,50,normal,22,46,2,0,44,4.35,95.65,0.000,14.913,0.826,0.000
chained,1,1,100,form-entry,22,46,8,6,32,17.39,69.57,0.130,13.609,1.000,0.000
chained,1,1,100,normal,22,46,2,0,44,4.35,95.65,0.000,14.913,0.826,0.000
chained,1,3,0,form-entry,22,46,4,8,34,8.70,73.91,1.000,14.087,3.000,0.000
chained,1,3,0,normal,22,46,0,8,38,0.00,82.61,0.522,14.696,2.696,0.000
chained,1,3,50,form-entry,22,46,4,10,32,8.70,69.57,1.130,14.087,3.000,0.000
chained,1,3,50,normal,22,46,0,6,40,0.00,86.96,0.565,14.652,2.739,0.000
chained,1,3,100,form-entry,22,46,4,10,32,8.70,69.57,1.130,14.087,3.000,0.000
chained,1,3,100,normal,22,46,0,4,42,0.00,91.30,0.478,14.652,2.739,0.000
darkness,1,1,0,form-entry,22,46,0,2,44,0.00,95.65,0.043,14.609,1.000,0.000
darkness,1,1,0,normal,22,46,0,2,44,0.00,95.65,0.043,14.609,0.304,0.000
darkness,1,1,50,form-entry,22,46,0,2,44,0.00,95.65,0.043,14.609,1.000,0.000
darkness,1,1,50,normal,22,46,0,2,44,0.00,95.65,0.043,14.609,0.261,0.000
darkness,1,1,100,form-entry,22,46,0,0,46,0.00,100.00,0.000,15.000,1.000,0.000
darkness,1,1,100,normal,22,46,0,0,46,0.00,100.00,0.000,15.000,0.348,0.000
darkness,1,3,0,form-entry,22,46,0,2,44,0.00,95.65,0.435,14.870,3.000,0.000
darkness,1,3,0,normal,22,46,0,0,46,0.00,100.00,0.000,15.000,1.348,0.000
darkness,1,3,50,form-entry,22,46,0,4,42,0.00,91.30,0.522,14.913,3.000,0.000
darkness,1,3,50,normal,22,46,0,2,44,0.00,95.65,0.174,15.000,1.391,0.000
darkness,1,3,100,form-entry,22,46,2,6,38,4.35,82.61,0.522,14.652,3.000,0.000
darkness,1,3,100,normal,22,46,0,4,42,0.00,91.30,0.304,14.826,1.652,0.000
death,1,1,0,form-entry,22,46,4,0,42,8.70,91.30,0.000,14.696,1.000,0.000
death,1,1,0,normal,22,46,0,0,46,0.00,100.00,0.000,15.000,0.174,0.000
death,1,1,50,form-entry,22,46,4,0,42,8.70,91.30,0.000,14.696,1.000,0.000
death,1,1,50,normal,22,46,0,0,46,0.00,100.00,0.000,15.000,0.130,0.000
death,1,1,100,form-entry,22,46,4,0,42,8.70,91.30,0.000,14.696,1.000,0.000
death,1,1,100,normal,22,46,0,0,46,0.00,100.00,0.000,15.000,0.130,0.000
death,1,3,0,form-entry,22,46,0,6,40,0.00,86.96,0.391,14.696,3.000,0.000
death,1,3,0,normal,22,46,0,4,42,0.00,91.30,0.348,14.957,0.957,0.000
death,1,3,50,form-entry,22,46,0,6,40,0.00,86.96,0.391,14.696,3.000,0.000
death,1,3,50,normal,22,46,0,2,44,0.00,95.65,0.217,14.870,0.957,0.000
death,1,3,100,form-entry,22,46,0,8,38,0.00,82.61,0.522,14.652,3.000,0.000
death,1,3,100,normal,22,46,0,2,44,0.00,95.65,0.217,14.870,0.913,0.000
demoness,1,1,0,form-entry,22,46,6,4,36,13.04,78.26,0.087,14.522,1.000,0.000
demoness,1,1,0,normal,22,46,0,0,46,0.00,100.00,0.000,15.000,0.609,0.000
demoness,1,1,50,form-entry,22,46,4,6,36,8.70,78.26,0.130,14.391,1.000,0.000
demoness,1,1,50,normal,22,46,0,0,46,0.00,100.00,0.000,15.000,0.696,0.000
demoness,1,1,100,form-entry,22,46,6,4,36,13.04,78.26,0.087,14.522,1.000,0.000
demoness,1,1,100,normal,22,46,0,0,46,0.00,100.00,0.000,15.000,0.696,0.000
demoness,1,3,0,form-entry,22,46,18,0,28,39.13,60.87,0.435,13.696,3.000,0.000
demoness,1,3,0,normal,22,46,12,2,32,26.09,69.57,0.261,14.522,2.174,0.000
demoness,1,3,50,form-entry,22,46,18,0,28,39.13,60.87,0.478,13.696,3.000,0.000
demoness,1,3,50,normal,22,46,10,2,34,21.74,73.91,0.261,14.435,2.174,0.000
demoness,1,3,100,form-entry,22,46,22,0,24,47.83,52.17,0.261,13.348,3.000,0.000
demoness,1,3,100,normal,22,46,8,4,34,17.39,73.91,0.391,14.435,2.217,0.000
door,1,1,0,form-entry,22,46,0,0,46,0.00,100.00,0.000,15.000,1.000,0.000
door,1,1,0,normal,22,46,2,2,42,4.35,91.30,0.043,14.565,0.087,0.000
door,1,1,50,form-entry,22,46,0,0,46,0.00,100.00,0.000,15.000,1.000,0.000
door,1,1,50,normal,22,46,0,2,44,0.00,95.65,0.043,14.609,0.217,0.000
door,1,1,100,form-entry,22,46,2,0,44,4.35,95.65,0.000,15.000,1.000,0.000
door,1,1,100,normal,22,46,0,2,44,0.00,95.65,0.043,14.609,0.174,0.000
door,1,3,0,form-entry,22,46,20,0,26,43.48,56.52,0.087,13.783,3.000,0.000
door,1,3,0,normal,22,46,26,0,20,56.52,43.48,0.043,13.000,0.957,0.000
door,1,3,50,form-entry,22,46,26,0,20,56.52,43.48,0.087,13.000,3.000,0.000
door,1,3,50,normal,22,46,30,0,16,65.22,34.78,0.043,12.870,0.739,0.000
door,1,3,100,form-entry,22,46,26,0,20,56.52,43.48,0.130,12.826,3.000,0.000
door,1,3,100,normal,22,46,34,0,12,73.91,26.09,0.043,12.739,0.652,0.000
error,1,1,0,form-entry,22,46,0,2,44,0.00,95.65,0.043,14.609,1.000,0.000
error,1,1,0,normal,22,46,0,2,44,0.00,95.65,0.043,14.609,0.043,0.000
error,1,1,50,form-entry,22,46,2,2,42,4.35,91.30,0.043,14.435,1.000,0.000
error,1,1,50,normal,22,46,0,2,44,0.00,95.65,0.043,14.609,0.000,0.000
error,1,1,100,form-entry,22,46,2,2,42,4.35,91.30,0.043,14.435,1.000,0.000
error,1,1,100,normal,22,46,0,2,44,0.00,95.65,0.043,14.609,0.000,0.000
error,1,3,0,form-entry,22,46,0,4,42,0.00,91.30,0.304,14.826,3.000,0.000
error,1,3,0,normal,22,46,0,2,44,0.00,95.65,0.130,14.652,0.652,0.000
error,1,3,50,form-entry,22,46,0,2,44,0.00,95.65,0.304,15.000,3.000,0.000
error,1,3,50,normal,22,46,0,2,44,0.00,95.65,0.130,14.652,0.522,0.000
error,1,3,100,form-entry,22,46,0,2,44,0.00,95.65,0.217,14.739,3.000,0.000
error,1,3,100,normal,22,46,0,2,44,0.00,95.65,0.130,14.652,0.565,0.000
fool,1,1,0,form-entry,22,46,28,2,16,60.87,34.78,0.043,9.783,1.000,0.000
fool,1,1,0,normal,22,46,30,2,14,65.22,30.43,0.043,9.826,0.130,0.000
fool,1,1,50,form-entry,22,46,28,2,16,60.87,34.78,0.043,9.783,1.000,0.000
fool,1,1,50,normal,22,46,30,2,14,65.22,30.43,0.043,9.783,0.174,0.000
fool,1,1,100,form-entry,22,46,28,2,16,60.87,34.78,0.043,9.870,1.000,0.000
fool,1,1,100,normal,22,46,28,2,16,60.87,34.78,0.043,9.957,0.217,0.000
fool,1,3,0,form-entry,22,46,32,6,8,69.57,17.39,0.522,11.783,3.087,0.000
fool,1,3,0,normal,22,46,24,2,20,52.17,43.48,0.304,12.696,1.043,0.000
fool,1,3,50,form-entry,22,46,32,6,8,69.57,17.39,0.522,12.000,3.087,0.000
fool,1,3,50,normal,22,46,24,2,20,52.17,43.48,0.304,12.522,1.000,0.000
fool,1,3,100,form-entry,22,46,32,8,6,69.57,13.04,0.565,11.043,3.087,0.000
fool,1,3,100,normal,22,46,28,2,16,60.87,34.78,0.304,11.739,1.043,0.000
hanged_man,1,1,0,form-entry,22,46,0,2,44,0.00,95.65,0.043,14.609,1.000,0.000
hanged_man,1,1,0,normal,22,46,0,2,44,0.00,95.65,0.043,14.609,0.435,0.000
hanged_man,1,1,50,form-entry,22,46,0,2,44,0.00,95.65,0.043,14.609,1.000,0.000
hanged_man,1,1,50,normal,22,46,0,2,44,0.00,95.65,0.043,14.609,0.391,0.000
hanged_man,1,1,100,form-entry,22,46,0,2,44,0.00,95.65,0.043,14.609,1.000,0.000
hanged_man,1,1,100,normal,22,46,0,2,44,0.00,95.65,0.043,14.609,0.391,0.000
hanged_man,1,3,0,form-entry,22,46,0,10,36,0.00,78.26,0.696,14.478,3.000,0.000
hanged_man,1,3,0,normal,22,46,0,4,42,0.00,91.30,0.348,14.826,1.609,0.000
hanged_man,1,3,50,form-entry,22,46,0,10,36,0.00,78.26,0.696,14.522,3.000,0.000
hanged_man,1,3,50,normal,22,46,0,4,42,0.00,91.30,0.304,14.870,1.609,0.000
hanged_man,1,3,100,form-entry,22,46,0,8,38,0.00,82.61,0.652,14.522,3.000,0.000
hanged_man,1,3,100,normal,22,46,0,4,42,0.00,91.30,0.348,14.870,1.696,0.000
hermit,1,1,0,form-entry,22,46,2,4,40,4.35,86.96,0.087,14.783,1.000,0.000
hermit,1,1,0,normal,22,46,0,2,44,0.00,95.65,0.043,15.000,0.609,0.000
hermit,1,1,50,form-entry,22,46,2,4,40,4.35,86.96,0.087,14.522,1.000,0.000
hermit,1,1,50,normal,22,46,0,2,44,0.00,95.65,0.043,15.000,0.478,0.000
hermit,1,1,100,form-entry,22,46,2,6,38,4.35,82.61,0.130,14.435,1.000,0.000
hermit,1,1,100,normal,22,46,0,0,46,0.00,100.00,0.000,15.000,0.348,0.000
hermit,1,3,0,form-entry,22,46,2,8,36,4.35,78.26,0.913,14.435,3.000,0.000
hermit,1,3,0,normal,22,46,0,4,42,0.00,91.30,0.435,14.609,1.957,0.000
hermit,1,3,50,form-entry,22,46,0,8,38,0.00,82.61,1.000,14.565,3.000,0.000
hermit,1,3,50,normal,22,46,0,4,42,0.00,91.30,0.435,14.652,1.913,0.000
hermit,1,3,100,form-entry,22,46,0,8,38,0.00,82.61,0.913,14.522,3.000,0.000
hermit,1,3,100,normal,22,46,0,6,40,0.00,86.96,0.522,14.391,1.957,0.000
justiciar,1,1,0,form-entry,22,46,2,2,42,4.35,91.30,0.043,14.696,1.000,0.000
justiciar,1,1,0,normal,22,46,0,2,44,0.00,95.65,0.043,14.957,0.652,0.000
justiciar,1,1,50,form-entry,22,46,2,2,42,4.35,91.30,0.043,14.696,1.000,0.000
justiciar,1,1,50,normal,22,46,0,2,44,0.00,95.65,0.043,14.957,0.652,0.000
justiciar,1,1,100,form-entry,22,46,2,2,42,4.35,91.30,0.043,14.696,1.000,0.000
justiciar,1,1,100,normal,22,46,0,2,44,0.00,95.65,0.043,14.957,0.652,0.000
justiciar,1,3,0,form-entry,22,46,2,12,32,4.35,69.57,1.130,13.913,3.000,0.000
justiciar,1,3,0,normal,22,46,0,4,42,0.00,91.30,0.435,14.913,2.304,0.000
justiciar,1,3,50,form-entry,22,46,2,10,34,4.35,73.91,1.043,13.957,3.000,0.000
justiciar,1,3,50,normal,22,46,0,4,42,0.00,91.30,0.609,14.870,2.391,0.000
justiciar,1,3,100,form-entry,22,46,2,10,34,4.35,73.91,1.000,14.130,3.000,0.000
justiciar,1,3,100,normal,22,46,0,4,42,0.00,91.30,0.609,14.913,2.304,0.000
moon,1,1,0,form-entry,22,46,2,2,42,4.35,91.30,0.043,14.609,1.000,0.000
moon,1,1,0,normal,22,46,0,2,44,0.00,95.65,0.043,14.652,0.174,0.000
moon,1,1,50,form-entry,22,46,2,2,42,4.35,91.30,0.043,14.609,1.000,0.000
moon,1,1,50,normal,22,46,0,2,44,0.00,95.65,0.043,14.609,0.130,0.000
moon,1,1,100,form-entry,22,46,0,2,44,0.00,95.65,0.043,14.609,1.000,0.000
moon,1,1,100,normal,22,46,0,2,44,0.00,95.65,0.043,14.652,0.130,0.000
moon,1,3,0,form-entry,22,46,6,6,34,13.04,73.91,0.391,13.957,3.000,0.000
moon,1,3,0,normal,22,46,0,4,42,0.00,91.30,0.261,14.565,1.043,0.000
moon,1,3,50,form-entry,22,46,4,4,38,8.70,82.61,0.261,14.000,3.000,0.000
moon,1,3,50,normal,22,46,0,4,42,0.00,91.30,0.304,14.522,1.217,0.000
moon,1,3,100,form-entry,22,46,4,4,38,8.70,82.61,0.348,14.348,3.000,0.000
moon,1,3,100,normal,22,46,0,4,42,0.00,91.30,0.261,14.609,1.000,0.000
mother,1,1,0,form-entry,22,46,0,0,46,0.00,100.00,0.000,15.000,1.000,0.000
mother,1,1,0,normal,22,46,0,0,46,0.00,100.00,0.000,15.000,0.000,0.000
mother,1,1,50,form-entry,22,46,0,0,46,0.00,100.00,0.000,15.000,1.000,0.000
mother,1,1,50,normal,22,46,0,0,46,0.00,100.00,0.000,15.000,0.000,0.000
mother,1,1,100,form-entry,22,46,0,0,46,0.00,100.00,0.000,15.000,1.000,0.000
mother,1,1,100,normal,22,46,0,0,46,0.00,100.00,0.000,15.000,0.000,0.000
mother,1,3,0,form-entry,22,46,0,0,46,0.00,100.00,0.087,15.000,2.913,0.000
mother,1,3,0,normal,22,46,0,0,46,0.00,100.00,0.000,15.000,0.261,0.000
mother,1,3,50,form-entry,22,46,0,0,46,0.00,100.00,0.087,15.000,2.913,0.000
mother,1,3,50,normal,22,46,0,0,46,0.00,100.00,0.000,15.000,0.261,0.000
mother,1,3,100,form-entry,22,46,0,0,46,0.00,100.00,0.087,15.000,2.870,0.000
mother,1,3,100,normal,22,46,0,0,46,0.00,100.00,0.000,15.000,0.217,0.000
paragon,1,1,0,form-entry,22,46,4,2,40,8.70,86.96,0.043,14.174,1.000,0.000
paragon,1,1,0,normal,22,46,2,2,42,4.35,91.30,0.043,14.609,0.391,0.000
paragon,1,1,50,form-entry,22,46,4,2,40,8.70,86.96,0.043,14.174,1.000,0.000
paragon,1,1,50,normal,22,46,2,2,42,4.35,91.30,0.043,14.652,0.174,0.000
paragon,1,1,100,form-entry,22,46,4,2,40,8.70,86.96,0.043,14.174,1.000,0.000
paragon,1,1,100,normal,22,46,2,2,42,4.35,91.30,0.043,14.652,0.174,0.000
paragon,1,3,0,form-entry,22,46,2,8,36,4.35,78.26,0.696,14.087,3.000,0.000
paragon,1,3,0,normal,22,46,0,6,40,0.00,86.96,0.435,14.565,1.826,0.000
paragon,1,3,50,form-entry,22,46,2,8,36,4.35,78.26,0.565,14.087,3.000,0.000
paragon,1,3,50,normal,22,46,0,6,40,0.00,86.96,0.478,14.783,1.217,0.000
paragon,1,3,100,form-entry,22,46,2,10,34,4.35,73.91,0.696,14.174,3.000,0.000
paragon,1,3,100,normal,22,46,0,6,40,0.00,86.96,0.478,14.783,0.957,0.000
red_priest,1,1,0,form-entry,22,46,14,8,24,30.43,52.17,0.174,13.913,1.000,0.000
red_priest,1,1,0,normal,22,46,2,0,44,4.35,95.65,0.000,15.000,0.783,0.000
red_priest,1,1,50,form-entry,22,46,14,10,22,30.43,47.83,0.217,13.652,1.000,0.000
red_priest,1,1,50,normal,22,46,2,0,44,4.35,95.65,0.000,15.000,0.826,0.000
red_priest,1,1,100,form-entry,22,46,14,12,20,30.43,43.48,0.261,13.609,1.000,0.000
red_priest,1,1,100,normal,22,46,0,0,46,0.00,100.00,0.000,15.000,0.739,0.000
red_priest,1,3,0,form-entry,22,46,26,10,10,56.52,21.74,0.913,11.043,3.000,0.000
red_priest,1,3,0,normal,22,46,12,6,28,26.09,60.87,0.609,14.522,1.696,0.000
red_priest,1,3,50,form-entry,22,46,22,10,14,47.83,30.43,0.957,11.130,3.000,0.000
red_priest,1,3,50,normal,22,46,10,6,30,21.74,65.22,0.609,14.565,1.696,0.000
red_priest,1,3,100,form-entry,22,46,20,10,16,43.48,34.78,1.000,11.435,3.000,0.000
red_priest,1,3,100,normal,22,46,14,8,24,30.43,52.17,0.565,14.087,1.652,0.000
sun,1,1,0,form-entry,22,46,6,6,34,13.04,73.91,0.130,14.304,1.000,0.000
sun,1,1,0,normal,22,46,0,2,44,0.00,95.65,0.043,15.000,0.304,0.000
sun,1,1,50,form-entry,22,46,8,4,34,17.39,73.91,0.087,13.913,1.000,0.000
sun,1,1,50,normal,22,46,0,2,44,0.00,95.65,0.043,15.000,0.391,0.000
sun,1,1,100,form-entry,22,46,6,6,34,13.04,73.91,0.130,14.000,1.000,0.000
sun,1,1,100,normal,22,46,0,2,44,0.00,95.65,0.043,15.000,0.348,0.000
sun,1,3,0,form-entry,22,46,22,6,18,47.83,39.13,0.609,13.043,3.000,0.000
sun,1,3,0,normal,22,46,6,4,36,13.04,78.26,0.348,14.609,1.565,0.000
sun,1,3,50,form-entry,22,46,20,6,20,43.48,43.48,0.652,13.130,3.000,0.000
sun,1,3,50,normal,22,46,4,4,38,8.70,82.61,0.391,14.739,1.609,0.000
sun,1,3,100,form-entry,22,46,24,6,16,52.17,34.78,0.652,12.826,3.000,0.000
sun,1,3,100,normal,22,46,4,4,38,8.70,82.61,0.391,14.565,1.522,0.000
twilight_giant,1,1,0,form-entry,22,46,2,2,42,4.35,91.30,0.043,14.739,1.000,0.000
twilight_giant,1,1,0,normal,22,46,0,2,44,0.00,95.65,0.043,14.870,0.087,0.000
twilight_giant,1,1,50,form-entry,22,46,2,2,42,4.35,91.30,0.043,14.739,1.000,0.000
twilight_giant,1,1,50,normal,22,46,0,2,44,0.00,95.65,0.043,14.870,0.130,0.000
twilight_giant,1,1,100,form-entry,22,46,2,2,42,4.35,91.30,0.043,14.435,1.000,0.000
twilight_giant,1,1,100,normal,22,46,0,2,44,0.00,95.65,0.043,14.609,0.000,0.000
twilight_giant,1,3,0,form-entry,22,46,0,6,40,0.00,86.96,0.565,14.522,3.000,0.000
twilight_giant,1,3,0,normal,22,46,0,2,44,0.00,95.65,0.261,14.652,0.826,0.000
twilight_giant,1,3,50,form-entry,22,46,0,4,42,0.00,91.30,0.435,14.565,3.000,0.000
twilight_giant,1,3,50,normal,22,46,0,2,44,0.00,95.65,0.261,14.652,0.870,0.000
twilight_giant,1,3,100,form-entry,22,46,0,6,40,0.00,86.96,0.478,14.391,3.000,0.000
twilight_giant,1,3,100,normal,22,46,0,2,44,0.00,95.65,0.174,14.652,0.522,0.000
tyrant,1,1,0,form-entry,22,46,2,18,26,4.35,56.52,0.391,14.043,1.000,0.000
tyrant,1,1,0,normal,22,46,0,2,44,0.00,95.65,0.043,14.609,0.652,0.000
tyrant,1,1,50,form-entry,22,46,2,18,26,4.35,56.52,0.391,14.043,1.000,0.000
tyrant,1,1,50,normal,22,46,0,4,42,0.00,91.30,0.087,14.609,0.652,0.000
tyrant,1,1,100,form-entry,22,46,2,16,28,4.35,60.87,0.348,14.000,1.000,0.000
tyrant,1,1,100,normal,22,46,0,4,42,0.00,91.30,0.087,14.609,0.696,0.000
tyrant,1,3,0,form-entry,22,46,0,20,26,0.00,56.52,1.783,13.783,3.000,0.000
tyrant,1,3,0,normal,22,46,0,10,36,0.00,78.26,0.739,14.739,2.217,0.000
tyrant,1,3,50,form-entry,22,46,0,20,26,0.00,56.52,1.783,13.652,3.000,0.000
tyrant,1,3,50,normal,22,46,0,10,36,0.00,78.26,0.739,14.696,2.217,0.000
tyrant,1,3,100,form-entry,22,46,0,20,26,0.00,56.52,1.783,13.696,3.000,0.000
tyrant,1,3,100,normal,22,46,0,10,36,0.00,78.26,0.696,14.609,2.261,0.000
visionary,1,1,0,form-entry,22,46,0,0,46,0.00,100.00,0.000,15.000,1.000,0.000
visionary,1,1,0,normal,22,46,0,0,46,0.00,100.00,0.000,15.000,0.087,0.000
visionary,1,1,50,form-entry,22,46,0,0,46,0.00,100.00,0.000,15.000,1.000,0.000
visionary,1,1,50,normal,22,46,0,0,46,0.00,100.00,0.000,15.000,0.087,0.000
visionary,1,1,100,form-entry,22,46,0,0,46,0.00,100.00,0.000,15.000,1.000,0.000
visionary,1,1,100,normal,22,46,0,0,46,0.00,100.00,0.000,15.000,0.130,0.000
visionary,1,3,0,form-entry,22,46,0,0,46,0.00,100.00,0.130,15.000,3.000,0.000
visionary,1,3,0,normal,22,46,0,0,46,0.00,100.00,0.000,15.000,0.870,0.000
visionary,1,3,50,form-entry,22,46,0,0,46,0.00,100.00,0.130,15.000,3.000,0.000
visionary,1,3,50,normal,22,46,0,0,46,0.00,100.00,0.130,15.000,0.783,0.000
visionary,1,3,100,form-entry,22,46,0,2,44,0.00,95.65,0.217,14.913,3.000,0.000
visionary,1,3,100,normal,22,46,0,2,44,0.00,95.65,0.130,14.957,0.783,0.000
wheel_of_fortune,1,1,0,form-entry,22,46,0,2,44,0.00,95.65,0.043,14.609,1.000,0.000
wheel_of_fortune,1,1,0,normal,22,46,0,2,44,0.00,95.65,0.043,14.609,0.087,0.000
wheel_of_fortune,1,1,50,form-entry,22,46,0,2,44,0.00,95.65,0.043,14.609,1.000,0.000
wheel_of_fortune,1,1,50,normal,22,46,0,2,44,0.00,95.65,0.043,14.609,0.130,0.000
wheel_of_fortune,1,1,100,form-entry,22,46,0,2,44,0.00,95.65,0.043,14.609,1.000,0.000
wheel_of_fortune,1,1,100,normal,22,46,0,2,44,0.00,95.65,0.043,14.609,0.130,0.000
wheel_of_fortune,1,3,0,form-entry,22,46,0,2,44,0.00,95.65,0.130,14.652,3.000,0.000
wheel_of_fortune,1,3,0,normal,22,46,0,2,44,0.00,95.65,0.130,14.826,0.565,0.000
wheel_of_fortune,1,3,50,form-entry,22,46,0,2,44,0.00,95.65,0.130,14.652,3.000,0.000
wheel_of_fortune,1,3,50,normal,22,46,0,2,44,0.00,95.65,0.130,14.826,0.478,0.000
wheel_of_fortune,1,3,100,form-entry,22,46,0,2,44,0.00,95.65,0.130,14.652,3.000,0.000
wheel_of_fortune,1,3,100,normal,22,46,0,2,44,0.00,95.65,0.130,14.826,0.522,0.000
white_tower,1,1,0,form-entry,22,46,2,8,36,4.35,78.26,0.174,13.913,1.000,0.000
white_tower,1,1,0,normal,22,46,0,2,44,0.00,95.65,0.043,14.609,0.130,0.000
white_tower,1,1,50,form-entry,22,46,2,6,38,4.35,82.61,0.130,13.913,1.000,0.000
white_tower,1,1,50,normal,22,46,0,2,44,0.00,95.65,0.043,14.609,0.261,0.000
white_tower,1,1,100,form-entry,22,46,2,8,36,4.35,78.26,0.174,13.913,1.000,0.000
white_tower,1,1,100,normal,22,46,0,2,44,0.00,95.65,0.043,14.609,0.217,0.000
white_tower,1,3,0,form-entry,22,46,0,6,40,0.00,86.96,0.652,14.435,3.000,0.000
white_tower,1,3,0,normal,22,46,0,2,44,0.00,95.65,0.304,14.739,1.130,0.000
white_tower,1,3,50,form-entry,22,46,0,6,40,0.00,86.96,0.652,14.435,3.000,0.000
white_tower,1,3,50,normal,22,46,0,2,44,0.00,95.65,0.348,14.739,1.087,0.000
white_tower,1,3,100,form-entry,22,46,0,6,40,0.00,86.96,0.739,14.304,3.000,0.000
white_tower,1,3,100,normal,22,46,0,4,42,0.00,91.30,0.391,14.565,1.000,0.000
